,predicciones
0,25127965.545476187
1,25127965.545476187
2,25127965.545476187
3,25127965.545476187
4,25127965.545476187
5,25127965.545476187
6,25127965.545476187
7,25127965.545476187
8,25127965.545476187
9,25127965.545476187
10,25127965.545476187
11,25127965.545476187
12,25127965.545476187
13,25127965.545476187
14,25127965.545476187
15,25127965.545476187
16,25182724.99547619
17,25182724.99547619
18,25196223.224047616
19,25127965.545476187
20,25127965.545476187
21,25127965.545476187
22,25127965.545476187
23,25127965.545476187
24,25027759.795476187
25,25127965.545476187
26,25127965.545476187
27,25127965.545476187
28,24871162.095476188
29,25127965.545476187
30,25127965.545476187
31,25127965.545476187
32,25127965.545476187
33,25127965.545476187
34,25127965.545476187
35,25127965.545476187
36,25127965.545476187
37,25127965.545476187
38,25127965.545476187
39,25127965.545476187
40,25127965.545476187
41,25127965.545476187
42,25127965.545476187
43,25127965.545476187
44,25127965.545476187
45,25127965.545476187
46,25127965.545476187
47,25127965.545476187
48,25127965.545476187
49,25127965.545476187
50,25182707.795476187
51,24957538.259761907
52,25127965.545476187
53,25127965.545476187
54,25127965.545476187
55,25127965.545476187
56,25127965.545476187
57,25127965.545476187
58,25127965.545476187
59,25127965.545476187
60,25127965.545476187
61,25127965.545476187
62,25127965.545476187
63,25127965.545476187
64,25127965.545476187
65,25127965.545476187
66,25127965.545476187
67,25127965.545476187
68,25182724.99547619
69,25127965.545476187
70,24871162.095476188
71,25127965.545476187
72,25127965.545476187
73,25127965.545476187
74,25127965.545476187
75,25127965.545476187
76,25127965.545476187
77,25127965.545476187
78,25017486.49547619
79,25196223.224047616
80,24879102.345476188
81,24800940.559761904
82,25127965.545476187
83,25196223.224047616
84,25127965.545476187
85,25127965.545476187
86,25127965.545476187
87,25127965.545476187
88,25127965.545476187
89,25127965.545476187
90,25127965.545476187
91,25027759.795476187
92,25127965.545476187
93,25127965.545476187
94,25127965.545476187
95,25127965.545476187
96,25127965.545476187
97,25127965.545476187
98,25127965.545476187
99,25127965.545476187
100,25127965.545476187
101,25127965.545476187
102,25127965.545476187
103,24971367.845476188
104,25127965.545476187
105,25127965.545476187
106,25182724.99547619
107,24971367.845476188
108,25127965.545476187
109,25127965.545476187
110,25127965.545476187
111,25127965.545476187
112,25182724.99547619
113,25127965.545476187
114,25127965.545476187
115,25127965.545476187
116,25127965.545476187
117,25127965.545476187
118,25127965.545476187
119,25127965.545476187
120,24957538.259761907
121,24754138.559761904
122,25127965.545476187
123,25127965.545476187
124,25027759.795476187
125,25127965.545476187
126,25012297.709761906
127,25025795.93833333
128,24754138.559761904
129,25127965.545476187
130,25027759.795476187
131,25127965.545476187
132,24957538.259761907
133,25127965.545476187
134,25127965.545476187
135,25127965.545476187
136,25127965.545476187
137,25127965.545476187
138,25127965.545476187
139,25141347.045476187
140,25141347.045476187
141,25127965.545476187
142,25127965.545476187
143,25127965.545476187
144,25127965.545476187
145,25127965.545476187
146,25127965.545476187
147,25127965.545476187
148,25127965.545476187
149,25127965.545476187
150,25127965.545476187
151,25127965.545476187
152,25127965.545476187
153,25127965.545476187
154,25127965.545476187
155,25127965.545476187
156,25127965.545476187
157,25127965.545476187
158,25127965.545476187
159,25127965.545476187
160,25127965.545476187
161,25127965.545476187
162,25127965.545476187
163,25127965.545476187
164,25127965.545476187
165,25127965.545476187
166,25027759.795476187
167,25127965.545476187
168,25027759.795476187
169,25127965.545476187
170,25027759.795476187
171,25127965.545476187
172,25127965.545476187
173,25127965.545476187
174,25127965.545476187
175,25127965.545476187
176,24970919.759761907
177,25127965.545476187
178,25127965.545476187
179,25127965.545476187
180,25127965.545476187
181,25127965.545476187
182,25127965.545476187
183,25127965.545476187
184,25127965.545476187
185,25127965.545476187
186,25127965.545476187
187,25127965.545476187
188,25196106.49547619
189,25141347.045476187
190,25127965.545476187
191,25127965.545476187
192,25127965.545476187
193,25012297.709761906
194,25027759.795476187
195,25027759.795476187
196,25127965.545476187
197,25127965.545476187
198,25127965.545476187
199,25127965.545476187
200,25127965.545476187
201,25127965.545476187
202,25127965.545476187
203,25127965.545476187
204,25127965.545476187
205,25127965.545476187
206,25127965.545476187
207,25127965.545476187
208,25127965.545476187
209,25127965.545476187
210,24957538.259761907
211,25182724.99547619
212,25127965.545476187
213,25127965.545476187
214,25182724.99547619
215,25127965.545476187
216,25127948.345476188
217,25182724.99547619
218,25127965.545476187
219,25127965.545476187
220,25127965.545476187
221,25127965.545476187
222,25127965.545476187
223,25127965.545476187
224,25127965.545476187
225,25082519.24547619
226,25182724.99547619
227,25127965.545476187
228,25025795.93833333
229,25027742.595476188
230,25082519.24547619
231,25127965.545476187
232,25127965.545476187
233,25182724.99547619
234,24957538.259761907
235,24822396.23833333
236,24855700.009761907
237,25127965.545476187
238,25027759.795476187
239,25127965.545476187
240,25041258.024047617
241,24957538.259761907
242,25027759.795476187
243,25127965.545476187
244,25127965.545476187
245,25127965.545476187
246,25127965.545476187
247,24869198.23833333
248,25182707.795476187
249,25127965.545476187
250,25127965.545476187
251,25127965.545476187
252,25127965.545476187
253,25182724.99547619
254,25127965.545476187
255,24957538.259761907
256,25127965.545476187
257,25127965.545476187
258,25127965.545476187
259,25127965.545476187
260,25127965.545476187
261,25127965.545476187
262,25127965.545476187
263,25127965.545476187
264,25127965.545476187
265,25127965.545476187
266,25127965.545476187
267,25127965.545476187
268,25127965.545476187
269,25127965.545476187
270,25127965.545476187
271,25127965.545476187
272,25127965.545476187
273,25127965.545476187
274,25127965.545476187
275,25127965.545476187
276,25127965.545476187
277,25127965.545476187
278,25127965.545476187
279,25127965.545476187
280,25127965.545476187
281,25127965.545476187
282,25127965.545476187
283,25127965.545476187
284,24957538.259761907
285,24754138.559761904
286,25127965.545476187
287,25127965.545476187
288,25127965.545476187
289,25196223.224047616
290,24808898.009761907
291,25127965.545476187
292,25127965.545476187
293,25127965.545476187
294,24871162.095476188
295,25127965.545476187
296,25127965.545476187
297,25127965.545476187
298,25127965.545476187
299,25182724.99547619
300,25027759.795476187
301,25127965.545476187
302,25127965.545476187
303,25127965.545476187
304,25127965.545476187
305,25127965.545476187
306,25127965.545476187
307,25127965.545476187
308,25127965.545476187
309,25127965.545476187
310,25127965.545476187
311,25082519.24547619
312,25127965.545476187
313,25127965.545476187
314,25127965.545476187
315,25127965.545476187
316,25127965.545476187
317,25127965.545476187
318,25127965.545476187
319,25182724.99547619
320,25182707.795476187
321,25127965.545476187
322,25127965.545476187
323,25127965.545476187
324,25127965.545476187
325,25127965.545476187
326,25127965.545476187
327,25127965.545476187
328,25127965.545476187
329,25127965.545476187
330,25127965.545476187
331,25127965.545476187
332,25127965.545476187
333,25127965.545476187
334,25127965.545476187
335,25127965.545476187
336,24737892.009761907
337,25127965.545476187
338,25127965.545476187
339,25127965.545476187
340,25127965.545476187
341,25127965.545476187
342,25127965.545476187
343,25127965.545476187
344,25127965.545476187
345,25127965.545476187
346,25127965.545476187
347,25127965.545476187
348,25127965.545476187
349,25127965.545476187
350,25127965.545476187
351,25127965.545476187
352,25127965.545476187
353,25127965.545476187
354,25127965.545476187
355,24520284.679047618
356,24754138.559761904
357,25127965.545476187
358,25127965.545476187
359,25127965.545476187
360,25127965.545476187
361,25127965.545476187
362,25127965.545476187
363,25127965.545476187
364,25026127.295476187
365,24660540.816904765
366,25037576.252619047
367,25127965.545476187
368,25127965.545476187
369,25127965.545476187
370,25127965.545476187
371,25127965.545476187
372,25127965.545476187
373,25127965.545476187
374,25127965.545476187
375,25127965.545476187
376,25127965.545476187
377,25127965.545476187
378,25127965.545476187
379,25106645.15261905
380,24925921.545476187
381,24925921.545476187
382,25127965.545476187
383,25127965.545476187
384,25127965.545476187
385,25182724.99547619
386,25196223.224047616
387,24822396.23833333
388,25127965.545476187
389,25127965.545476187
390,25127965.545476187
391,25127965.545476187
392,25127965.545476187
393,25127965.545476187
394,25027759.795476187
395,25127965.545476187
396,25127965.545476187
397,25127965.545476187
398,25182707.795476187
399,25082519.24547619
400,25127965.545476187
401,25127965.545476187
402,25127965.545476187
403,25127965.545476187
404,25127965.545476187
405,25294379.702619046
406,25127965.545476187
407,25127965.545476187
408,25127965.545476187
409,25127965.545476187
410,25027759.795476187
411,25127965.545476187
412,25182724.99547619
413,25127965.545476187
414,25127965.545476187
415,25127965.545476187
416,25127965.545476187
417,25127965.545476187
418,25127965.545476187
419,25127965.545476187
420,25182724.99547619
421,25182724.99547619
422,25082519.24547619
423,25127965.545476187
424,25127965.545476187
425,25127965.545476187
426,25127965.545476187
427,25127965.545476187
428,25127965.545476187
429,25127965.545476187
430,25127965.545476187
431,25127965.545476187
432,25127965.545476187
433,25127965.545476187
434,25127965.545476187
435,25027759.795476187
436,25127965.545476187
437,24808898.009761907
438,25127965.545476187
439,25127965.545476187
440,25127965.545476187
441,25127965.545476187
442,25127965.545476187
443,25127965.545476187
444,25127965.545476187
445,25182724.99547619
446,24957538.259761907
447,25127965.545476187
448,25196223.224047616
449,25127965.545476187
450,24800940.559761904
451,25182724.99547619
452,24925921.545476187
453,25127965.545476187
454,25196223.224047616
455,24957538.259761907
456,25182707.795476187
457,25027759.795476187
458,25127965.545476187
459,25127965.545476187
460,25127965.545476187
461,25127965.545476187
462,25182724.99547619
463,25127965.545476187
464,25127965.545476187
465,25127965.545476187
466,25127965.545476187
467,25182724.99547619
468,25127965.545476187
469,25127965.545476187
470,24752004.03833333
471,25127965.545476187
472,25127965.545476187
473,25127965.545476187
474,25182707.795476187
475,25127965.545476187
476,25127965.545476187
477,25127965.545476187
478,25182724.99547619
479,25127965.545476187
480,25182724.99547619
481,25127965.545476187
482,25127965.545476187
483,25127965.545476187
484,24971367.845476188
485,25127965.545476187
486,25127965.545476187
487,25182724.99547619
488,25127965.545476187
489,25127965.545476187
490,25127965.545476187
491,25127965.545476187
492,25127965.545476187
493,24792299.759761907
494,25141463.774047617
495,25026127.295476187
496,25096017.474047616
497,24957538.259761907
498,25127965.545476187
499,25127965.545476187
500,25127965.545476187
501,25127965.545476187
502,24957538.259761907
503,25127965.545476187
504,25141347.045476187
505,25127965.545476187
506,25127965.545476187
507,25127965.545476187
508,25182724.99547619
509,25127965.545476187
510,25182724.99547619
511,24957538.259761907
512,25127965.545476187
513,25027759.795476187
514,25027759.795476187
515,25196106.49547619
516,24970919.759761907
517,24800940.559761904
518,25141347.045476187
519,25053007.024047617
520,24970919.759761907
521,25127965.545476187
522,25127965.545476187
523,25127965.545476187
524,25127965.545476187
525,25127965.545476187
526,25127965.545476187
527,25082519.24547619
528,25127965.545476187
529,25127965.545476187
530,25182707.795476187
531,25127965.545476187
532,25027759.795476187
533,25141347.045476187
534,25141347.045476187
535,25141347.045476187
536,24957538.259761907
537,25182724.99547619
538,24754138.559761904
539,25127965.545476187
540,25127965.545476187
541,25127965.545476187
542,25141347.045476187
543,25141347.045476187
544,25141347.045476187
545,25196106.49547619
546,25095883.545476187
547,25141347.045476187
548,25141347.045476187
549,25141347.045476187
550,25127965.545476187
551,25127965.545476187
552,25127965.545476187
553,25041141.295476187
554,25141347.045476187
555,25141347.045476187
556,25141347.045476187
557,25141347.045476187
558,25141347.045476187
559,25141347.045476187
560,24957538.259761907
561,25027759.795476187
562,25127965.545476187
563,25127965.545476187
564,25127965.545476187
565,25127965.545476187
566,25127965.545476187
567,25127965.545476187
568,25127965.545476187
569,25127965.545476187
570,25127965.545476187
571,25182724.99547619
572,25127965.545476187
573,25127965.545476187
574,25127965.545476187
575,25127965.545476187
576,25127965.545476187
577,25127965.545476187
578,25127965.545476187
579,25127965.545476187
580,25127965.545476187
581,25127965.545476187
582,25127965.545476187
583,25127965.545476187
584,25127965.545476187
585,25127965.545476187
586,25127965.545476187
587,25127965.545476187
588,25127965.545476187
589,25127965.545476187
590,25127965.545476187
591,25127965.545476187
592,25127965.545476187
593,25127965.545476187
594,25127965.545476187
595,25127965.545476187
596,25182707.795476187
597,25127965.545476187
598,25127965.545476187
599,25127965.545476187
600,25127965.545476187
601,25127965.545476187
602,25127965.545476187
603,25027759.795476187
604,24957538.259761907
605,25127965.545476187
606,25127965.545476187
607,25127965.545476187
608,25182724.99547619
609,25127965.545476187
610,25127965.545476187
611,25127965.545476187
612,25127965.545476187
613,25127965.545476187
614,25127965.545476187
615,25127965.545476187
616,25127965.545476187
617,24869198.23833333
618,24957538.259761907
619,25127965.545476187
620,25182724.99547619
621,25127965.545476187
622,25127965.545476187
623,25127965.545476187
624,25127965.545476187
625,25127965.545476187
626,25127965.545476187
627,25127948.345476188
628,24800940.559761904
629,25127965.545476187
630,25127965.545476187
631,25127965.545476187
632,25127965.545476187
633,25127965.545476187
634,25027759.795476187
635,25127965.545476187
636,25127965.545476187
637,25027759.795476187
638,25127965.545476187
639,25127965.545476187
640,25127965.545476187
641,25182724.99547619
642,25127965.545476187
643,25127965.545476187
644,25127965.545476187
645,25127965.545476187
646,25127965.545476187
647,25127965.545476187
648,25127965.545476187
649,25127965.545476187
650,25127965.545476187
651,25027759.795476187
652,25127965.545476187
653,24957538.259761907
654,25127965.545476187
655,25127965.545476187
656,25127965.545476187
657,25027759.795476187
658,25127965.545476187
659,25127965.545476187
660,25127965.545476187
661,25127965.545476187
662,24957538.259761907
663,25127965.545476187
664,25127965.545476187
665,25127965.545476187
666,25127965.545476187
667,25127965.545476187
668,25127965.545476187
669,25127965.545476187
670,25127965.545476187
671,25127965.545476187
672,25127965.545476187
673,25127965.545476187
674,25127965.545476187
675,25127965.545476187
676,25127965.545476187
677,25127965.545476187
678,25127965.545476187
679,25127965.545476187
680,25127965.545476187
681,25127965.545476187
682,25127965.545476187
683,25127965.545476187
684,25127965.545476187
685,25127965.545476187
686,25127965.545476187
687,25127965.545476187
688,25127965.545476187
689,25127965.545476187
690,25127965.545476187
691,25127965.545476187
692,25127965.545476187
693,25127965.545476187
694,25182724.99547619
695,25127965.545476187
696,25127965.545476187
697,25182724.99547619
698,25127965.545476187
699,25127965.545476187
700,25127965.545476187
701,25182707.795476187
702,24982816.802619047
703,25127965.545476187
704,25127965.545476187
705,25127965.545476187
706,25127965.545476187
707,25127965.545476187
708,25127965.545476187
709,25127965.545476187
710,24871162.095476188
711,25196223.224047616
712,23107352.954523813
713,25127965.545476187
714,25127965.545476187
715,25182724.99547619
716,24871162.095476188
717,25127965.545476187
718,25127965.545476187
719,25127965.545476187
720,25127965.545476187
721,25127965.545476187
722,25182724.99547619
723,24855700.009761907
724,25127965.545476187
725,25127965.545476187
726,25127965.545476187
727,25127965.545476187
728,25182724.99547619
729,25127965.545476187
730,25127965.545476187
731,25127965.545476187
732,25127965.545476187
